source,target,relation_type,method,confidence,verification_status,discovered_at,support,lift,count,avg_time_gap,pattern_type,full_pattern
FLOW_RATE_HIGH,FLOW_RATE_HIGH,PRECEDES,pattern_mining,2.1382978723404253,auto,2025-12-24 23:38:12.395037,2.1382978723404253,159.33766902755957,603,33.09618573797678,sequential,FLOW_RATE_HIGH → FLOW_RATE_HIGH
CURRENT_LOW,CURRENT_LOW,PRECEDES,pattern_mining,2.127659574468085,auto,2025-12-24 23:38:12.395061,2.127659574468085,159.06833853929524,600,40.395,sequential,CURRENT_LOW → CURRENT_LOW
PRESSURE_HIGH,PRESSURE_HIGH,PRECEDES,pattern_mining,1.9361702127659575,auto,2025-12-24 23:38:12.395033,1.9361702127659575,139.94167846696612,546,24.467032967032967,sequential,PRESSURE_HIGH → PRESSURE_HIGH
VIBRATION_HIGH,VIBRATION_HIGH,PRECEDES,pattern_mining,1.9148936170212767,auto,2025-12-24 23:38:12.394986,1.9148936170212767,171.48637245813745,540,24.174074074074074,sequential,VIBRATION_HIGH → VIBRATION_HIGH
CURRENT_HIGH,CURRENT_HIGH,PRECEDES,pattern_mining,1.5673758865248226,auto,2025-12-24 23:38:12.395063,1.5673758865248226,126.17006587733106,442,22.361990950226243,sequential,CURRENT_HIGH → CURRENT_HIGH
PRESSURE_LOW,PRESSURE_LOW,PRECEDES,pattern_mining,1.5283687943262412,auto,2025-12-24 23:38:12.395182,1.5283687943262412,116.5595164752328,431,17.099767981438514,sequential,PRESSURE_LOW → PRESSURE_LOW
TEMPERATURE_LOW,TEMPERATURE_LOW,PRECEDES,pattern_mining,1.4432624113475176,auto,2025-12-24 23:38:12.394956,1.4432624113475176,477.1556678844423,407,7.933660933660934,sequential,TEMPERATURE_LOW → TEMPERATURE_LOW
VIBRATION_LOW,VIBRATION_LOW,PRECEDES,pattern_mining,1.4184397163120568,auto,2025-12-24 23:38:12.395184,1.4184397163120568,133.8641197275093,400,32.865,sequential,VIBRATION_LOW → VIBRATION_LOW
FLOW_RATE_LOW,FLOW_RATE_LOW,PRECEDES,pattern_mining,1.297872340425532,auto,2025-12-24 23:38:12.394947,1.297872340425532,124.78726037349983,366,29.278688524590162,sequential,FLOW_RATE_LOW → FLOW_RATE_LOW
TEMPERATURE_HIGH,TEMPERATURE_HIGH,PRECEDES,pattern_mining,1.1631205673758864,auto,2025-12-24 23:38:12.395399,1.1631205673758864,455.23692281451514,328,12.009146341463415,sequential,TEMPERATURE_HIGH → TEMPERATURE_HIGH
CURRENT_HIGH,PRESSURE_HIGH,PRECEDES,pattern_mining,1.074468085106383,auto,2025-12-24 23:38:12.394961,1.074468085106383,81.95715546207325,303,24.73267326732673,sequential,CURRENT_HIGH → PRESSURE_HIGH
PRESSURE_LOW,CURRENT_LOW,PRECEDES,pattern_mining,1.0212765957446808,auto,2025-12-24 23:38:12.395237,1.0212765957446808,77.11590657714017,288,30.729166666666668,sequential,PRESSURE_LOW → CURRENT_LOW
ANOMALY_END,PRESSURE_HIGH,CO_OCCURS,pattern_mining,0.967741935483871,auto,2025-12-24 23:38:12.395657,0.2127659574468085,1.0496277915632755,60,0.0,co_occurrence,ANOMALY_END → PRESSURE_HIGH
ANOMALY_START,PRESSURE_HIGH,CO_OCCURS,pattern_mining,0.9672131147540983,auto,2025-12-24 23:38:12.395669,0.20921985815602837,1.0490542244640606,59,0.0,co_occurrence,ANOMALY_START → PRESSURE_HIGH
CURRENT_LOW,PRESSURE_LOW,PRECEDES,pattern_mining,0.9609929078014184,auto,2025-12-24 23:38:12.395225,0.9609929078014184,72.56392598057288,271,29.328413284132843,sequential,CURRENT_LOW → PRESSURE_LOW
VIBRATION_HIGH,PRESSURE_HIGH,CO_OCCURS,pattern_mining,0.9583333333333334,auto,2025-12-24 23:38:12.395617,0.8156028368794326,1.039423076923077,230,0.0,co_occurrence,VIBRATION_HIGH → PRESSURE_HIGH
VIBRATION_LOW,PRESSURE_LOW,CO_OCCURS,pattern_mining,0.957983193277311,auto,2025-12-24 23:38:12.395632,0.8085106382978723,1.0552783613445378,228,0.0,co_occurrence,VIBRATION_LOW → PRESSURE_LOW
FLOW_RATE_LOW,PRESSURE_LOW,PRECEDES,pattern_mining,0.9574468085106383,auto,2025-12-24 23:38:12.395129,0.9574468085106383,81.98673281473152,270,27.474074074074075,sequential,FLOW_RATE_LOW → PRESSURE_LOW
VIBRATION_LOW,CURRENT_LOW,CO_OCCURS,pattern_mining,0.9411764705882353,auto,2025-12-24 23:38:12.395563,0.7943262411347518,1.0408304498269896,224,0.0,co_occurrence,VIBRATION_LOW → CURRENT_LOW
CURRENT_HIGH,PRESSURE_HIGH,CO_OCCURS,pattern_mining,0.9402390438247012,auto,2025-12-24 23:38:12.395524,0.8368794326241135,1.0197977321483298,236,0.0,co_occurrence,CURRENT_HIGH → PRESSURE_HIGH
FLOW_RATE_HIGH,PRESSURE_HIGH,CO_OCCURS,pattern_mining,0.9390243902439024,auto,2025-12-24 23:38:12.395573,0.8191489361702128,1.0184803001876173,231,0.0,co_occurrence,FLOW_RATE_HIGH → PRESSURE_HIGH
FLOW_RATE_LOW,CURRENT_LOW,CO_OCCURS,pattern_mining,0.9365079365079365,auto,2025-12-24 23:38:12.395545,0.8368794326241135,1.0356676003734826,236,0.0,co_occurrence,FLOW_RATE_LOW → CURRENT_LOW
TEMPERATURE_HIGH,PRESSURE_HIGH,CO_OCCURS,pattern_mining,0.9365079365079365,auto,2025-12-24 23:38:12.395694,0.20921985815602837,1.0157509157509157,59,0.0,co_occurrence,TEMPERATURE_HIGH → PRESSURE_HIGH
ANOMALY_END,FLOW_RATE_LOW,CO_OCCURS,pattern_mining,0.9354838709677419,auto,2025-12-24 23:38:12.395655,0.20567375886524822,1.0468509984639016,58,0.0,co_occurrence,ANOMALY_END → FLOW_RATE_LOW
ANOMALY_START,FLOW_RATE_LOW,CO_OCCURS,pattern_mining,0.9344262295081968,auto,2025-12-24 23:38:12.395667,0.20212765957446807,1.0456674473067917,57,0.0,co_occurrence,ANOMALY_START → FLOW_RATE_LOW
TEMPERATURE_LOW,PRESSURE_HIGH,CO_OCCURS,pattern_mining,0.9322033898305084,auto,2025-12-24 23:38:12.395615,0.1950354609929078,1.0110821382007822,55,0.0,co_occurrence,TEMPERATURE_LOW → PRESSURE_HIGH
VIBRATION_LOW,PRESSURE_LOW,PRECEDES,pattern_mining,0.9290780141843972,auto,2025-12-24 23:38:12.395197,0.9290780141843972,78.82039780368606,262,28.568702290076335,sequential,VIBRATION_LOW → PRESSURE_LOW
FLOW_RATE_LOW,PRESSURE_LOW,CO_OCCURS,pattern_mining,0.9285714285714286,auto,2025-12-24 23:38:12.395598,0.8297872340425532,1.0228794642857144,234,0.0,co_occurrence,FLOW_RATE_LOW → PRESSURE_LOW
VIBRATION_LOW,FLOW_RATE_LOW,CO_OCCURS,pattern_mining,0.9285714285714286,auto,2025-12-24 23:38:12.395606,0.7836879432624113,1.0391156462585034,221,0.0,co_occurrence,VIBRATION_LOW → FLOW_RATE_LOW
PRESSURE_LOW,FLOW_RATE_LOW,PRECEDES,pattern_mining,0.925531914893617,auto,2025-12-24 23:38:12.395131,0.925531914893617,79.25384172090713,261,29.90038314176245,sequential,PRESSURE_LOW → FLOW_RATE_LOW
CURRENT_LOW,FLOW_RATE_LOW,CO_OCCURS,pattern_mining,0.9254901960784314,auto,2025-12-24 23:38:12.395547,0.8368794326241135,1.0356676003734828,236,0.0,co_occurrence,CURRENT_LOW → FLOW_RATE_LOW
CURRENT_LOW,PRESSURE_LOW,CO_OCCURS,pattern_mining,0.9254901960784314,auto,2025-12-24 23:38:12.395555,0.8368794326241135,1.019485294117647,236,0.0,co_occurrence,CURRENT_LOW → PRESSURE_LOW
PRESSURE_LOW,CURRENT_LOW,CO_OCCURS,pattern_mining,0.921875,auto,2025-12-24 23:38:12.395553,0.8368794326241135,1.019485294117647,236,0.0,co_occurrence,PRESSURE_LOW → CURRENT_LOW
ANOMALY_END,FLOW_RATE_HIGH,CO_OCCURS,pattern_mining,0.9193548387096774,auto,2025-12-24 23:38:12.395653,0.20212765957446807,1.0538945712037764,57,0.0,co_occurrence,ANOMALY_END → FLOW_RATE_HIGH
ANOMALY_END,PRESSURE_LOW,CO_OCCURS,pattern_mining,0.9193548387096774,auto,2025-12-24 23:38:12.395675,0.20212765957446807,1.012726814516129,57,0.0,co_occurrence,ANOMALY_END → PRESSURE_LOW
ANOMALY_START,FLOW_RATE_HIGH,CO_OCCURS,pattern_mining,0.9180327868852459,auto,2025-12-24 23:38:12.395665,0.19858156028368795,1.0523790483806477,56,0.0,co_occurrence,ANOMALY_START → FLOW_RATE_HIGH
ANOMALY_START,VIBRATION_HIGH,CO_OCCURS,pattern_mining,0.9180327868852459,auto,2025-12-24 23:38:12.395673,0.19858156028368795,1.0786885245901638,56,0.0,co_occurrence,ANOMALY_START → VIBRATION_HIGH
ANOMALY_START,PRESSURE_LOW,CO_OCCURS,pattern_mining,0.9180327868852459,auto,2025-12-24 23:38:12.395679,0.19858156028368795,1.0112704918032787,56,0.0,co_occurrence,ANOMALY_START → PRESSURE_LOW
FLOW_RATE_LOW,PRESSURE_HIGH,CO_OCCURS,pattern_mining,0.9166666666666666,auto,2025-12-24 23:38:12.395594,0.8191489361702128,0.9942307692307691,231,0.0,co_occurrence,FLOW_RATE_LOW → PRESSURE_HIGH
TEMPERATURE_LOW,CURRENT_LOW,CO_OCCURS,pattern_mining,0.9152542372881356,auto,2025-12-24 23:38:12.395557,0.19148936170212766,1.0121635094715853,54,0.0,co_occurrence,TEMPERATURE_LOW → CURRENT_LOW
TEMPERATURE_LOW,FLOW_RATE_LOW,CO_OCCURS,pattern_mining,0.9152542372881356,auto,2025-12-24 23:38:12.395600,0.19148936170212766,1.0242130750605327,54,0.0,co_occurrence,TEMPERATURE_LOW → FLOW_RATE_LOW
PRESSURE_HIGH,CURRENT_HIGH,PRECEDES,pattern_mining,0.9148936170212766,auto,2025-12-24 23:38:12.395066,0.9148936170212766,69.78530069047821,258,24.44573643410853,sequential,PRESSURE_HIGH → CURRENT_HIGH
PRESSURE_LOW,FLOW_RATE_LOW,CO_OCCURS,pattern_mining,0.9140625,auto,2025-12-24 23:38:12.395596,0.8297872340425532,1.0228794642857144,234,0.0,co_occurrence,PRESSURE_LOW → FLOW_RATE_LOW
PRESSURE_LOW,PRESSURE_HIGH,CO_OCCURS,pattern_mining,0.9140625,auto,2025-12-24 23:38:12.395610,0.8297872340425532,0.99140625,234,0.0,co_occurrence,PRESSURE_LOW → PRESSURE_HIGH
CURRENT_LOW,PRESSURE_HIGH,CO_OCCURS,pattern_mining,0.9137254901960784,auto,2025-12-24 23:38:12.395551,0.8262411347517731,0.9910407239819005,233,0.0,co_occurrence,CURRENT_LOW → PRESSURE_HIGH
VIBRATION_HIGH,CURRENT_HIGH,CO_OCCURS,pattern_mining,0.9083333333333333,auto,2025-12-24 23:38:12.395532,0.7730496453900709,1.0205179282868526,218,0.0,co_occurrence,VIBRATION_HIGH → CURRENT_HIGH
PRESSURE_LOW,VIBRATION_LOW,PRECEDES,pattern_mining,0.9078014184397163,auto,2025-12-24 23:38:12.394936,0.9078014184397163,77.01535052573905,256,27.15234375,sequential,PRESSURE_LOW → VIBRATION_LOW
PRESSURE_HIGH,CURRENT_HIGH,CO_OCCURS,pattern_mining,0.9076923076923077,auto,2025-12-24 23:38:12.395522,0.8368794326241135,1.0197977321483298,236,0.0,co_occurrence,PRESSURE_HIGH → CURRENT_HIGH
VIBRATION_LOW,PRESSURE_HIGH,CO_OCCURS,pattern_mining,0.907563025210084,auto,2025-12-24 23:38:12.395621,0.7659574468085106,0.9843568196509372,216,0.0,co_occurrence,VIBRATION_LOW → PRESSURE_HIGH
TEMPERATURE_HIGH,CURRENT_HIGH,CO_OCCURS,pattern_mining,0.9047619047619048,auto,2025-12-24 23:38:12.395686,0.20212765957446807,1.0165054069436539,57,0.0,co_occurrence,TEMPERATURE_HIGH → CURRENT_HIGH
TEMPERATURE_HIGH,FLOW_RATE_HIGH,CO_OCCURS,pattern_mining,0.9047619047619048,auto,2025-12-24 23:38:12.395690,0.20212765957446807,1.0371660859465737,57,0.0,co_occurrence,TEMPERATURE_HIGH → FLOW_RATE_HIGH
FLOW_RATE_HIGH,CURRENT_HIGH,PRECEDES,pattern_mining,0.9042553191489362,auto,2025-12-24 23:38:12.394979,0.9042553191489362,70.03381495914084,255,29.356862745098038,sequential,FLOW_RATE_HIGH → CURRENT_HIGH
VIBRATION_HIGH,FLOW_RATE_HIGH,CO_OCCURS,pattern_mining,0.9041666666666667,auto,2025-12-24 23:38:12.395583,0.7695035460992907,1.0364837398373983,217,0.0,co_occurrence,VIBRATION_HIGH → FLOW_RATE_HIGH
ANOMALY_END,VIBRATION_HIGH,CO_OCCURS,pattern_mining,0.9032258064516129,auto,2025-12-24 23:38:12.395659,0.19858156028368795,1.0612903225806452,56,0.0,co_occurrence,ANOMALY_END → VIBRATION_HIGH
FLOW_RATE_HIGH,CURRENT_HIGH,CO_OCCURS,pattern_mining,0.9024390243902439,auto,2025-12-24 23:38:12.395513,0.7872340425531915,1.0138956369643377,222,0.0,co_occurrence,FLOW_RATE_HIGH → CURRENT_HIGH
ANOMALY_START,CURRENT_LOW,CO_OCCURS,pattern_mining,0.9016393442622951,auto,2025-12-24 23:38:12.395663,0.1950354609929078,0.9971070395371263,55,0.0,co_occurrence,ANOMALY_START → CURRENT_LOW
CURRENT_LOW,VIBRATION_LOW,PRECEDES,pattern_mining,0.900709219858156,auto,2025-12-24 23:38:12.395191,0.900709219858156,75.65751305533911,254,27.799212598425196,sequential,CURRENT_LOW → VIBRATION_LOW
PRESSURE_HIGH,PRESSURE_LOW,CO_OCCURS,pattern_mining,0.9,auto,2025-12-24 23:38:12.395612,0.8297872340425532,0.99140625,234,0.0,co_occurrence,PRESSURE_HIGH → PRESSURE_LOW
CURRENT_HIGH,FLOW_RATE_HIGH,PRECEDES,pattern_mining,0.8971631205673759,auto,2025-12-24 23:38:12.394981,0.8971631205673759,69.48453013593189,253,27.897233201581027,sequential,CURRENT_HIGH → FLOW_RATE_HIGH
CURRENT_HIGH,PRESSURE_LOW,CO_OCCURS,pattern_mining,0.896414342629482,auto,2025-12-24 23:38:12.395528,0.7978723404255319,0.9874564243027888,225,0.0,co_occurrence,CURRENT_HIGH → PRESSURE_LOW
PRESSURE_HIGH,CURRENT_LOW,CO_OCCURS,pattern_mining,0.8961538461538462,auto,2025-12-24 23:38:12.395549,0.8262411347517731,0.9910407239819005,233,0.0,co_occurrence,PRESSURE_HIGH → CURRENT_LOW
FLOW_RATE_HIGH,PRESSURE_LOW,CO_OCCURS,pattern_mining,0.8943089430894309,auto,2025-12-24 23:38:12.395578,0.7801418439716312,0.9851371951219512,220,0.0,co_occurrence,FLOW_RATE_HIGH → PRESSURE_LOW
CURRENT_HIGH,CURRENT_LOW,CO_OCCURS,pattern_mining,0.8924302788844621,auto,2025-12-24 23:38:12.395511,0.7943262411347518,0.9869228966486993,224,0.0,co_occurrence,CURRENT_HIGH → CURRENT_LOW
VIBRATION_HIGH,PRESSURE_LOW,CO_OCCURS,pattern_mining,0.8916666666666667,auto,2025-12-24 23:38:12.395628,0.7588652482269503,0.9822265625000001,214,0.0,co_occurrence,VIBRATION_HIGH → PRESSURE_LOW
PRESSURE_LOW,VIBRATION_LOW,CO_OCCURS,pattern_mining,0.890625,auto,2025-12-24 23:38:12.395634,0.8085106382978723,1.0552783613445378,228,0.0,co_occurrence,PRESSURE_LOW → VIBRATION_LOW
FLOW_RATE_HIGH,CURRENT_LOW,CO_OCCURS,pattern_mining,0.8902439024390244,auto,2025-12-24 23:38:12.395541,0.776595744680851,0.9845050215208034,219,0.0,co_occurrence,FLOW_RATE_HIGH → CURRENT_LOW
VIBRATION_LOW,FLOW_RATE_LOW,PRECEDES,pattern_mining,0.8900709219858156,auto,2025-12-24 23:38:12.394943,0.8900709219858156,84.78526881164,251,23.92828685258964,sequential,VIBRATION_LOW → FLOW_RATE_LOW
TEMPERATURE_HIGH,CURRENT_LOW,CO_OCCURS,pattern_mining,0.8888888888888888,auto,2025-12-24 23:38:12.395688,0.19858156028368795,0.9830065359477124,56,0.0,co_occurrence,TEMPERATURE_HIGH → CURRENT_LOW
PRESSURE_HIGH,FLOW_RATE_HIGH,CO_OCCURS,pattern_mining,0.8884615384615384,auto,2025-12-24 23:38:12.395571,0.8191489361702128,1.0184803001876173,231,0.0,co_occurrence,PRESSURE_HIGH → FLOW_RATE_HIGH
PRESSURE_HIGH,FLOW_RATE_LOW,CO_OCCURS,pattern_mining,0.8884615384615384,auto,2025-12-24 23:38:12.395591,0.8191489361702128,0.9942307692307693,231,0.0,co_occurrence,PRESSURE_HIGH → FLOW_RATE_LOW
VIBRATION_HIGH,CURRENT_LOW,CO_OCCURS,pattern_mining,0.8875,auto,2025-12-24 23:38:12.395559,0.7553191489361702,0.981470588235294,213,0.0,co_occurrence,VIBRATION_HIGH → CURRENT_LOW
ANOMALY_END,CURRENT_LOW,CO_OCCURS,pattern_mining,0.8870967741935484,auto,2025-12-24 23:38:12.395650,0.1950354609929078,0.9810246679316887,55,0.0,co_occurrence,ANOMALY_END → CURRENT_LOW
PRESSURE_HIGH,VIBRATION_HIGH,CO_OCCURS,pattern_mining,0.8846153846153846,auto,2025-12-24 23:38:12.395619,0.8156028368794326,1.0394230769230768,230,0.0,co_occurrence,PRESSURE_HIGH → VIBRATION_HIGH
CURRENT_HIGH,FLOW_RATE_HIGH,CO_OCCURS,pattern_mining,0.8844621513944223,auto,2025-12-24 23:38:12.395515,0.7872340425531915,1.0138956369643377,222,0.0,co_occurrence,CURRENT_HIGH → FLOW_RATE_HIGH
CURRENT_HIGH,FLOW_RATE_LOW,CO_OCCURS,pattern_mining,0.8844621513944223,auto,2025-12-24 23:38:12.395520,0.7872340425531915,0.9897552646556631,222,0.0,co_occurrence,CURRENT_HIGH → FLOW_RATE_LOW
FLOW_RATE_HIGH,FLOW_RATE_LOW,CO_OCCURS,pattern_mining,0.8821138211382114,auto,2025-12-24 23:38:12.395569,0.7695035460992907,0.9871273712737128,217,0.0,co_occurrence,FLOW_RATE_HIGH → FLOW_RATE_LOW
FLOW_RATE_HIGH,VIBRATION_HIGH,CO_OCCURS,pattern_mining,0.8821138211382114,auto,2025-12-24 23:38:12.395585,0.7695035460992907,1.0364837398373983,217,0.0,co_occurrence,FLOW_RATE_HIGH → VIBRATION_HIGH
FLOW_RATE_LOW,CURRENT_HIGH,CO_OCCURS,pattern_mining,0.8809523809523809,auto,2025-12-24 23:38:12.395517,0.7872340425531915,0.989755264655663,222,0.0,co_occurrence,FLOW_RATE_LOW → CURRENT_HIGH
VIBRATION_HIGH,FLOW_RATE_LOW,CO_OCCURS,pattern_mining,0.8791666666666667,auto,2025-12-24 23:38:12.395602,0.74822695035461,0.9838293650793651,211,0.0,co_occurrence,VIBRATION_HIGH → FLOW_RATE_LOW
PRESSURE_LOW,CURRENT_HIGH,CO_OCCURS,pattern_mining,0.87890625,auto,2025-12-24 23:38:12.395526,0.7978723404255319,0.9874564243027888,225,0.0,co_occurrence,PRESSURE_LOW → CURRENT_HIGH
CURRENT_LOW,CURRENT_HIGH,CO_OCCURS,pattern_mining,0.8784313725490196,auto,2025-12-24 23:38:12.395509,0.7943262411347518,0.9869228966486993,224,0.0,co_occurrence,CURRENT_LOW → CURRENT_HIGH
CURRENT_LOW,VIBRATION_LOW,CO_OCCURS,pattern_mining,0.8784313725490196,auto,2025-12-24 23:38:12.395565,0.7943262411347518,1.0408304498269896,224,0.0,co_occurrence,CURRENT_LOW → VIBRATION_LOW
FLOW_RATE_LOW,VIBRATION_LOW,CO_OCCURS,pattern_mining,0.876984126984127,auto,2025-12-24 23:38:12.395608,0.7836879432624113,1.0391156462585034,221,0.0,co_occurrence,FLOW_RATE_LOW → VIBRATION_LOW
TEMPERATURE_HIGH,VIBRATION_HIGH,CO_OCCURS,pattern_mining,0.873015873015873,auto,2025-12-24 23:38:12.395699,0.1950354609929078,1.0257936507936507,55,0.0,co_occurrence,TEMPERATURE_HIGH → VIBRATION_HIGH
VIBRATION_LOW,CURRENT_HIGH,CO_OCCURS,pattern_mining,0.8697478991596639,auto,2025-12-24 23:38:12.395536,0.7340425531914894,0.9771669624024909,207,0.0,co_occurrence,VIBRATION_LOW → CURRENT_HIGH
FLOW_RATE_HIGH,PRESSURE_HIGH,PRECEDES,pattern_mining,0.8687943262411347,auto,2025-12-24 23:38:12.395030,0.8687943262411347,63.75934926916079,245,30.489795918367346,sequential,FLOW_RATE_HIGH → PRESSURE_HIGH
CURRENT_HIGH,VIBRATION_HIGH,CO_OCCURS,pattern_mining,0.8685258964143426,auto,2025-12-24 23:38:12.395534,0.7730496453900709,1.0205179282868526,218,0.0,co_occurrence,CURRENT_HIGH → VIBRATION_HIGH
TEMPERATURE_LOW,PRESSURE_LOW,CO_OCCURS,pattern_mining,0.864406779661017,auto,2025-12-24 23:38:12.395626,0.18085106382978725,0.952198093220339,51,0.0,co_occurrence,TEMPERATURE_LOW → PRESSURE_LOW
FLOW_RATE_LOW,FLOW_RATE_HIGH,CO_OCCURS,pattern_mining,0.8611111111111112,auto,2025-12-24 23:38:12.395567,0.7695035460992907,0.9871273712737128,217,0.0,co_occurrence,FLOW_RATE_LOW → FLOW_RATE_HIGH
PRESSURE_LOW,FLOW_RATE_HIGH,CO_OCCURS,pattern_mining,0.859375,auto,2025-12-24 23:38:12.395575,0.7801418439716312,0.9851371951219512,220,0.0,co_occurrence,PRESSURE_LOW → FLOW_RATE_HIGH
CURRENT_LOW,FLOW_RATE_HIGH,CO_OCCURS,pattern_mining,0.8588235294117647,auto,2025-12-24 23:38:12.395543,0.776595744680851,0.9845050215208033,219,0.0,co_occurrence,CURRENT_LOW → FLOW_RATE_HIGH
PRESSURE_HIGH,VIBRATION_HIGH,PRECEDES,pattern_mining,0.8581560283687943,auto,2025-12-24 23:38:12.395035,0.8581560283687943,69.04154649464736,242,27.227272727272727,sequential,PRESSURE_HIGH → VIBRATION_HIGH
TEMPERATURE_HIGH,FLOW_RATE_LOW,CO_OCCURS,pattern_mining,0.8571428571428571,auto,2025-12-24 23:38:12.395692,0.19148936170212766,0.9591836734693877,54,0.0,co_occurrence,TEMPERATURE_HIGH → FLOW_RATE_LOW
ANOMALY_START,ANOMALY_END,CO_OCCURS,pattern_mining,0.8524590163934426,auto,2025-12-24 23:38:12.395644,0.18439716312056736,3.8773135906927547,52,0.0,co_occurrence,ANOMALY_START → ANOMALY_END
ANOMALY_START,CURRENT_HIGH,CO_OCCURS,pattern_mining,0.8524590163934426,auto,2025-12-24 23:38:12.395661,0.18439716312056736,0.9577427992946247,52,0.0,co_occurrence,ANOMALY_START → CURRENT_HIGH
FLOW_RATE_LOW,VIBRATION_LOW,PRECEDES,pattern_mining,0.851063829787234,auto,2025-12-24 23:38:12.395138,0.851063829787234,81.06957974021354,240,27.908333333333335,sequential,FLOW_RATE_LOW → VIBRATION_LOW
VIBRATION_LOW,FLOW_RATE_HIGH,CO_OCCURS,pattern_mining,0.8487394957983193,auto,2025-12-24 23:38:12.395587,0.7163120567375887,0.972945275671244,202,0.0,co_occurrence,VIBRATION_LOW → FLOW_RATE_HIGH
TEMPERATURE_LOW,CURRENT_HIGH,CO_OCCURS,pattern_mining,0.847457627118644,auto,2025-12-24 23:38:12.395530,0.1773049645390071,0.952123708555608,50,0.0,co_occurrence,TEMPERATURE_LOW → CURRENT_HIGH
TEMPERATURE_LOW,FLOW_RATE_HIGH,CO_OCCURS,pattern_mining,0.847457627118644,auto,2025-12-24 23:38:12.395580,0.1773049645390071,0.9714758164530797,50,0.0,co_occurrence,TEMPERATURE_LOW → FLOW_RATE_HIGH
ANOMALY_END,ANOMALY_START,CO_OCCURS,pattern_mining,0.8387096774193549,auto,2025-12-24 23:38:12.395646,0.18439716312056736,3.877313590692755,52,0.0,co_occurrence,ANOMALY_END → ANOMALY_START
ANOMALY_END,CURRENT_HIGH,CO_OCCURS,pattern_mining,0.8387096774193549,auto,2025-12-24 23:38:12.395648,0.18439716312056736,0.9422953347898728,52,0.0,co_occurrence,ANOMALY_END → CURRENT_HIGH
FLOW_RATE_LOW,VIBRATION_HIGH,CO_OCCURS,pattern_mining,0.8373015873015873,auto,2025-12-24 23:38:12.395604,0.74822695035461,0.9838293650793651,211,0.0,co_occurrence,FLOW_RATE_LOW → VIBRATION_HIGH
PRESSURE_HIGH,FLOW_RATE_HIGH,PRECEDES,pattern_mining,0.8368794326241135,auto,2025-12-24 23:38:12.395042,0.8368794326241135,61.41716909192632,236,28.927966101694917,sequential,PRESSURE_HIGH → FLOW_RATE_HIGH
PRESSURE_LOW,VIBRATION_HIGH,CO_OCCURS,pattern_mining,0.8359375,auto,2025-12-24 23:38:12.395630,0.7588652482269503,0.9822265625,214,0.0,co_occurrence,PRESSURE_LOW → VIBRATION_HIGH
CURRENT_LOW,VIBRATION_HIGH,CO_OCCURS,pattern_mining,0.8352941176470589,auto,2025-12-24 23:38:12.395561,0.7553191489361702,0.9814705882352941,213,0.0,co_occurrence,CURRENT_LOW → VIBRATION_HIGH
PRESSURE_HIGH,VIBRATION_LOW,CO_OCCURS,pattern_mining,0.8307692307692308,auto,2025-12-24 23:38:12.395623,0.7659574468085106,0.9843568196509374,216,0.0,co_occurrence,PRESSURE_HIGH → VIBRATION_LOW
TEMPERATURE_LOW,VIBRATION_HIGH,CO_OCCURS,pattern_mining,0.8305084745762712,auto,2025-12-24 23:38:12.395636,0.17375886524822695,0.9758474576271187,49,0.0,co_occurrence,TEMPERATURE_LOW → VIBRATION_HIGH
VIBRATION_HIGH,CURRENT_HIGH,PRECEDES,pattern_mining,0.8297872340425532,auto,2025-12-24 23:38:12.394976,0.8297872340425532,70.45321474292675,234,29.521367521367523,sequential,VIBRATION_HIGH → CURRENT_HIGH
VIBRATION_LOW,CURRENT_LOW,PRECEDES,pattern_mining,0.8297872340425532,auto,2025-12-24 23:38:12.395239,0.8297872340425532,69.70022856279273,234,31.905982905982906,sequential,VIBRATION_LOW → CURRENT_LOW
FLOW_RATE_LOW,CURRENT_LOW,PRECEDES,pattern_mining,0.8262411347517731,auto,2025-12-24 23:38:12.395134,0.8262411347517731,70.0513889423253,233,28.48068669527897,sequential,FLOW_RATE_LOW → CURRENT_LOW
TEMPERATURE_HIGH,PRESSURE_LOW,CO_OCCURS,pattern_mining,0.8253968253968254,auto,2025-12-24 23:38:12.395696,0.18439716312056736,0.9092261904761905,52,0.0,co_occurrence,TEMPERATURE_HIGH → PRESSURE_LOW
CURRENT_HIGH,VIBRATION_LOW,CO_OCCURS,pattern_mining,0.8247011952191236,auto,2025-12-24 23:38:12.395538,0.7340425531914894,0.9771669624024909,207,0.0,co_occurrence,CURRENT_HIGH → VIBRATION_LOW
VIBRATION_LOW,VIBRATION_HIGH,CO_OCCURS,pattern_mining,0.8235294117647058,auto,2025-12-24 23:38:12.395640,0.6950354609929078,0.9676470588235293,196,0.0,co_occurrence,VIBRATION_LOW → VIBRATION_HIGH
FLOW_RATE_HIGH,VIBRATION_LOW,CO_OCCURS,pattern_mining,0.8211382113821138,auto,2025-12-24 23:38:12.395589,0.7163120567375887,0.9729452756712441,202,0.0,co_occurrence,FLOW_RATE_HIGH → VIBRATION_LOW
ANOMALY_START,VIBRATION_LOW,CO_OCCURS,pattern_mining,0.819672131147541,auto,2025-12-24 23:38:12.395683,0.1773049645390071,0.9712081553933049,50,0.0,co_occurrence,ANOMALY_START → VIBRATION_LOW
VIBRATION_HIGH,VIBRATION_LOW,CO_OCCURS,pattern_mining,0.8166666666666667,auto,2025-12-24 23:38:12.395642,0.6950354609929078,0.9676470588235294,196,0.0,co_occurrence,VIBRATION_HIGH → VIBRATION_LOW
TEMPERATURE_HIGH,VIBRATION_LOW,CO_OCCURS,pattern_mining,0.8095238095238095,auto,2025-12-24 23:38:12.395701,0.18085106382978725,0.9591836734693878,51,0.0,co_occurrence,TEMPERATURE_HIGH → VIBRATION_LOW
ANOMALY_END,VIBRATION_LOW,CO_OCCURS,pattern_mining,0.8064516129032258,auto,2025-12-24 23:38:12.395677,0.1773049645390071,0.9555435077256709,50,0.0,co_occurrence,ANOMALY_END → VIBRATION_LOW
CURRENT_LOW,FLOW_RATE_LOW,PRECEDES,pattern_mining,0.7978723404255319,auto,2025-12-24 23:38:12.395136,0.7978723404255319,67.64619103872614,225,34.044444444444444,sequential,CURRENT_LOW → FLOW_RATE_LOW
VIBRATION_HIGH,PRESSURE_HIGH,PRECEDES,pattern_mining,0.7872340425531915,auto,2025-12-24 23:38:12.395073,0.7872340425531915,63.335633561205434,222,28.11261261261261,sequential,VIBRATION_HIGH → PRESSURE_HIGH
VIBRATION_HIGH,FLOW_RATE_HIGH,PRECEDES,pattern_mining,0.7836879432624113,auto,2025-12-24 23:38:12.395068,0.7836879432624113,64.01927834351626,221,34.30316742081448,sequential,VIBRATION_HIGH → FLOW_RATE_HIGH
CURRENT_HIGH,VIBRATION_HIGH,PRECEDES,pattern_mining,0.776595744680851,auto,2025-12-24 23:38:12.395071,0.776595744680851,65.93698302863656,219,31.78082191780822,sequential,CURRENT_HIGH → VIBRATION_HIGH
TEMPERATURE_LOW,VIBRATION_LOW,CO_OCCURS,pattern_mining,0.7627118644067796,auto,2025-12-24 23:38:12.395638,0.1595744680851064,0.9037174191710582,45,0.0,co_occurrence,TEMPERATURE_LOW → VIBRATION_LOW
FLOW_RATE_HIGH,VIBRATION_HIGH,PRECEDES,pattern_mining,0.7446808510638298,auto,2025-12-24 23:38:12.394984,0.7446808510638298,60.832798425965684,210,30.571428571428573,sequential,FLOW_RATE_HIGH → VIBRATION_HIGH
PRESSURE_HIGH,TEMPERATURE_HIGH,PRECEDES,pattern_mining,0.5555555555555556,pending,2025-12-24 23:38:12.395489,0.05319148936170213,3501.571818535711,15,11.933333333333334,sequential,TEMPERATURE_HIGH → TEMPERATURE_HIGH → PRESSURE_HIGH → TEMPERATURE_HIGH
CURRENT_HIGH,TEMPERATURE_LOW,PRECEDES,pattern_mining,0.4375,pending,2025-12-24 23:38:12.394999,0.07446808510638298,220.8902551529308,21,22.547619047619047,sequential,TEMPERATURE_LOW → CURRENT_HIGH → TEMPERATURE_LOW
PRESSURE_LOW,FLOW_RATE_HIGH,PRECEDES,pattern_mining,0.3900709219858156,pending,2025-12-24 23:38:12.395189,0.3900709219858156,29.405494852687784,110,58.13636363636363,sequential,PRESSURE_LOW → FLOW_RATE_HIGH
PRESSURE_LOW,VIBRATION_HIGH,PRECEDES,pattern_mining,0.38652482269503546,pending,2025-12-24 23:38:12.394966,0.38652482269503546,31.943291033552615,109,42.678899082568805,sequential,PRESSURE_LOW → VIBRATION_HIGH
VIBRATION_LOW,TEMPERATURE_LOW,PRECEDES,pattern_mining,0.38461538461538464,pending,2025-12-24 23:38:12.395015,0.07092198581560284,227.78353321161663,20,17.725,sequential,TEMPERATURE_LOW → VIBRATION_LOW → TEMPERATURE_LOW
CURRENT_HIGH,TEMPERATURE_HIGH,PRECEDES,pattern_mining,0.379746835443038,pending,2025-12-24 23:38:12.395474,0.10638297872340426,373.5738553782381,30,25.95,sequential,TEMPERATURE_HIGH → CURRENT_HIGH → TEMPERATURE_HIGH
VIBRATION_LOW,CURRENT_HIGH,PRECEDES,pattern_mining,0.37943262411347517,pending,2025-12-24 23:38:12.395187,0.37943262411347517,33.0714247757496,107,65.4392523364486,sequential,VIBRATION_LOW → CURRENT_HIGH
CURRENT_LOW,PRESSURE_HIGH,PRECEDES,pattern_mining,0.36879432624113473,pending,2025-12-24 23:38:12.395120,0.36879432624113473,27.109830640999743,104,47.01923076923077,sequential,CURRENT_LOW → PRESSURE_HIGH
PRESSURE_HIGH,VIBRATION_LOW,PRECEDES,pattern_mining,0.36524822695035464,pending,2025-12-24 23:38:12.394953,0.36524822695035464,30.165917585676045,103,43.44660194174757,sequential,PRESSURE_HIGH → VIBRATION_LOW
FLOW_RATE_LOW,TEMPERATURE_LOW,PRECEDES,pattern_mining,0.359375,pending,2025-12-24 23:38:12.395152,0.08156028368794327,264.40073024317235,23,27.608695652173914,sequential,TEMPERATURE_LOW → FLOW_RATE_LOW → TEMPERATURE_LOW
FLOW_RATE_HIGH,TEMPERATURE_HIGH,PRECEDES,pattern_mining,0.3582089552238806,pending,2025-12-24 23:38:12.395415,0.0851063829787234,287.5411497159391,24,20.708333333333332,sequential,TEMPERATURE_HIGH → FLOW_RATE_HIGH → TEMPERATURE_HIGH
VIBRATION_HIGH,TEMPERATURE_HIGH,PRECEDES,pattern_mining,0.3561643835616438,pending,2025-12-24 23:38:12.395478,0.09219858156028368,341.49115885337613,26,15.192307692307692,sequential,TEMPERATURE_HIGH → VIBRATION_HIGH → TEMPERATURE_HIGH
FLOW_RATE_LOW,PRESSURE_HIGH,PRECEDES,pattern_mining,0.3546099290780142,pending,2025-12-24 23:38:12.394950,0.3546099290780142,29.5611823422085,100,51.56,sequential,FLOW_RATE_LOW → PRESSURE_HIGH
PRESSURE_HIGH,PRESSURE_LOW,PRECEDES,pattern_mining,0.3546099290780142,pending,2025-12-24 23:38:12.395241,0.3546099290780142,26.327671558524397,100,60.67,sequential,PRESSURE_HIGH → PRESSURE_LOW
FLOW_RATE_LOW,CURRENT_HIGH,PRECEDES,pattern_mining,0.3475177304964539,pending,2025-12-24 23:38:12.394972,0.3475177304964539,30.572974093795782,98,37.775510204081634,sequential,FLOW_RATE_LOW → CURRENT_HIGH
CURRENT_HIGH,PRESSURE_LOW,PRECEDES,pattern_mining,0.3475177304964539,pending,2025-12-24 23:38:12.394974,0.3475177304964539,27.228789809244,98,48.02040816326531,sequential,CURRENT_HIGH → PRESSURE_LOW
PRESSURE_HIGH,FLOW_RATE_LOW,PRECEDES,pattern_mining,0.3475177304964539,pending,2025-12-24 23:38:12.395039,0.3475177304964539,28.96995869536433,98,48.173469387755105,sequential,PRESSURE_HIGH → FLOW_RATE_LOW
PRESSURE_LOW,CURRENT_HIGH,PRECEDES,pattern_mining,0.3475177304964539,pending,2025-12-24 23:38:12.395044,0.3475177304964539,27.228789809244,98,47.83673469387755,sequential,PRESSURE_LOW → CURRENT_HIGH
PRESSURE_LOW,TEMPERATURE_LOW,PRECEDES,pattern_mining,0.3409090909090909,pending,2025-12-24 23:38:12.395007,0.10638297872340426,307.1473128286569,30,14.5,sequential,TEMPERATURE_LOW → PRESSURE_LOW → TEMPERATURE_LOW
FLOW_RATE_HIGH,PRESSURE_LOW,PRECEDES,pattern_mining,0.33687943262411346,pending,2025-12-24 23:38:12.395115,0.33687943262411346,25.395654645503086,95,46.16842105263158,sequential,FLOW_RATE_HIGH → PRESSURE_LOW
PRESSURE_HIGH,CURRENT_LOW,PRECEDES,pattern_mining,0.32978723404255317,pending,2025-12-24 23:38:12.395075,0.32978723404255317,24.242444707817075,93,56.483870967741936,sequential,PRESSURE_HIGH → CURRENT_LOW
VIBRATION_LOW,PRESSURE_HIGH,PRECEDES,pattern_mining,0.32978723404255317,pending,2025-12-24 23:38:12.395127,0.32978723404255317,27.237187722989045,93,48.516129032258064,sequential,VIBRATION_LOW → PRESSURE_HIGH
CURRENT_HIGH,FLOW_RATE_LOW,PRECEDES,pattern_mining,0.3262411347517731,pending,2025-12-24 23:38:12.395199,0.3262411347517731,28.70115935335931,92,58.07608695652174,sequential,CURRENT_HIGH → FLOW_RATE_LOW
VIBRATION_HIGH,PRESSURE_LOW,PRECEDES,pattern_mining,0.3191489361702128,pending,2025-12-24 23:38:12.394964,0.3191489361702128,26.37519443137372,90,50.65555555555556,sequential,VIBRATION_HIGH → PRESSURE_LOW
CURRENT_HIGH,CURRENT_LOW,PRECEDES,pattern_mining,0.3191489361702128,pending,2025-12-24 23:38:12.395118,0.3191489361702128,24.758583097801885,90,43.766666666666666,sequential,CURRENT_HIGH → CURRENT_LOW
FLOW_RATE_HIGH,FLOW_RATE_LOW,PRECEDES,pattern_mining,0.31560283687943264,pending,2025-12-24 23:38:12.394969,0.31560283687943264,26.71376878509676,89,45.73033707865169,sequential,FLOW_RATE_HIGH → FLOW_RATE_LOW
TEMPERATURE_LOW,PRESSURE_LOW,PRECEDES,pattern_mining,0.3120567375886525,pending,2025-12-24 23:38:12.394913,0.3120567375886525,49.55080843615921,88,21.96590909090909,sequential,TEMPERATURE_LOW → PRESSURE_LOW
CURRENT_LOW,CURRENT_HIGH,PRECEDES,pattern_mining,0.3049645390070922,pending,2025-12-24 23:38:12.394959,0.3049645390070922,23.65820162678847,86,57.906976744186046,sequential,CURRENT_LOW → CURRENT_HIGH
